,0,1,2,3,4,5,6,7,8,9,10,11,12,13,14,15,16,17,18,19,20,21,22,23,24,25,26,27,28,29,30,31,32,33,34,35,36,37,38,39,40,41,42
0,1.0,0.0,0.7,0.5875,0.8625,0.6625,0.9125,0.5375,0.3,0.9875,0.0,1.0,1.0,0.0,0.0,0.0,1.0,0.0,0.0,0.0,1.0,1.0,1.0,0.0,0.0,0.0,0.0,1.0,0.0,1.0,0.0,0.0,1.0,1.0,0.0,0.0,1.0,0.0,1.0,1.0,0.0,0.0,5.0
1,1.0,0.0,0.7,0.5875,0.8625,0.6625,0.9125,0.5375,0.3,0.9875,0.0,1.0,1.0,0.0,0.0,0.0,1.0,0.0,0.0,0.0,1.0,1.0,1.0,0.0,0.0,0.0,0.0,1.0,0.0,1.0,0.0,0.0,1.0,1.0,0.0,0.0,1.0,0.0,1.0,1.0,0.0,0.0,5.0
2,0.7272727272727273,1.0,0.509090909090909,0.42727272727272725,0.6272727272727273,0.4818181818181818,0.6636363636363637,0.39090909090909093,0.21818181818181817,0.7181818181818181,0.0,1.0,1.0,0.0,0.0,1.0,1.0,0.0,0.0,0.0,1.0,1.0,1.0,0.0,0.0,0.0,0.0,1.0,0.0,1.0,0.0,0.0,1.0,1.0,0.0,0.0,1.0,0.0,1.0,1.0,0.0,0.0,5.0
3,0.5517241379310345,0.7586206896551724,0.38620689655172413,0.32413793103448274,0.47586206896551725,0.36551724137931035,0.503448275862069,0.296551724137931,1.0,0.5448275862068965,0.0,1.0,1.0,0.0,0.0,1.0,1.0,0.0,0.0,0.0,1.0,1.0,1.0,0.0,0.0,0.0,0.0,1.0,0.0,1.0,0.0,0.0,1.0,1.0,0.0,1.0,0.0,0.0,1.0,1.0,0.0,0.0,5.0
4,0.4878048780487805,0.6707317073170732,0.34146341463414637,0.2865853658536585,0.42073170731707316,0.3231707317073171,0.4451219512195122,1.0,0.8841463414634146,0.4817073170731707,0.0,1.0,1.0,0.0,0.0,1.0,1.0,0.0,0.0,0.0,1.0,1.0,1.0,0.0,0.0,0.0,0.0,1.0,0.0,1.0,0.0,0.0,1.0,0.0,0.0,1.0,0.0,0.0,1.0,1.0,0.0,0.0,5.0
5,0.47619047619047616,0.6547619047619048,0.3333333333333333,1.0,0.4107142857142857,0.31547619047619047,0.43452380952380953,0.9761904761904762,0.8630952380952381,0.47023809523809523,0.0,1.0,1.0,0.0,0.0,1.0,1.0,0.0,0.0,0.0,1.0,0.0,1.0,0.0,0.0,0.0,0.0,1.0,0.0,1.0,0.0,0.0,1.0,0.0,0.0,1.0,0.0,0.0,1.0,1.0,0.0,0.0,5.0
6,0.47619047619047616,0.6547619047619048,0.3333333333333333,1.0,0.4107142857142857,1.0,0.43452380952380953,0.9761904761904762,0.8630952380952381,0.47023809523809523,0.0,1.0,1.0,0.0,0.0,1.0,1.0,0.0,0.0,0.0,1.0,0.0,1.0,0.0,0.0,0.0,1.0,1.0,0.0,1.0,0.0,0.0,1.0,0.0,0.0,1.0,0.0,0.0,1.0,1.0,0.0,0.0,5.0
7,0.4678362573099415,0.6432748538011696,1.0,0.9824561403508771,0.40350877192982454,0.9824561403508771,0.4269005847953216,0.9590643274853801,0.847953216374269,0.4619883040935672,0.0,1.0,1.0,0.0,0.0,1.0,0.0,1.0,1.0,0.0,1.0,0.0,1.0,0.0,0.0,0.0,1.0,1.0,0.0,1.0,0.0,0.0,1.0,0.0,0.0,1.0,0.0,0.0,1.0,1.0,0.0,0.0,5.0
8,0.43478260869565216,0.5978260869565217,0.9293478260869565,0.9130434782608695,1.0,0.9130434782608695,0.3967391304347826,0.8913043478260869,0.7880434782608695,0.42934782608695654,0.0,1.0,1.0,0.0,0.0,1.0,0.0,1.0,1.0,0.0,1.0,0.0,0.0,1.0,1.0,0.0,1.0,1.0,0.0,1.0,0.0,0.0,1.0,0.0,0.0,1.0,0.0,0.0,1.0,1.0,0.0,0.0,5.0
9,0.39603960396039606,0.5445544554455446,0.8465346534653465,0.8316831683168316,0.9108910891089109,0.8316831683168316,1.0,0.8118811881188119,0.7178217821782178,0.3910891089108911,0.0,1.0,1.0,0.0,0.0,1.0,0.0,1.0,1.0,0.0,1.0,0.0,0.0,1.0,1.0,0.0,1.0,1.0,0.0,0.0,1.0,0.0,1.0,0.0,0.0,1.0,0.0,0.0,1.0,1.0,0.012048192771084338,5.0,5.0
10,0.39603960396039606,0.5445544554455446,0.8465346534653465,0.8316831683168316,0.9108910891089109,0.8316831683168316,1.0,0.8118811881188119,0.7178217821782178,0.9900990099009901,0.0,1.0,1.0,0.0,0.0,1.0,0.0,1.0,1.0,0.0,1.0,0.0,0.0,1.0,1.0,0.0,1.0,1.0,0.0,0.0,1.0,0.0,1.0,0.0,0.0,1.0,0.0,1.0,0.0,0.0,0.012048192771084338,5.0,5.0
11,0.995049504950495,0.5445544554455446,0.8465346534653465,0.8316831683168316,0.9108910891089109,0.8316831683168316,1.0,0.8118811881188119,0.7178217821782178,0.9900990099009901,1.0,0.0,0.0,0.0,0.0,1.0,0.0,1.0,1.0,0.0,1.0,0.0,0.0,1.0,1.0,0.0,1.0,1.0,0.0,0.0,1.0,0.0,1.0,0.0,0.0,1.0,0.0,1.0,0.0,0.0,0.024096385542168676,4.5,5.0
12,0.8933333333333333,1.0,0.76,0.7466666666666667,0.8177777777777778,0.7466666666666667,0.8977777777777778,0.7288888888888889,0.6444444444444445,0.8888888888888888,1.0,0.0,0.0,0.0,1.0,1.0,0.0,1.0,1.0,0.0,1.0,0.0,0.0,1.0,1.0,0.0,1.0,1.0,0.0,0.0,1.0,0.0,1.0,0.0,0.0,1.0,0.0,1.0,0.0,0.0,0.03614457831325301,3.3333333333333335,5.0
13,0.7335766423357665,0.8211678832116789,0.6240875912408759,0.6131386861313869,0.6715328467153284,0.6131386861313869,0.7372262773722628,0.5985401459854015,1.0,0.7299270072992701,1.0,0.0,0.0,0.0,1.0,1.0,0.0,1.0,1.0,0.0,1.0,0.0,0.0,1.0,1.0,0.0,1.0,1.0,0.0,0.0,1.0,0.0,1.0,0.0,0.0,0.0,1.0,1.0,0.0,0.0,0.04819277108433735,2.5,5.0
14,0.6860068259385665,0.7679180887372014,0.5836177474402731,0.5733788395904437,0.6279863481228669,0.5733788395904437,0.689419795221843,1.0,0.9351535836177475,0.6825938566552902,1.0,0.0,0.0,0.0,1.0,1.0,0.0,1.0,1.0,0.0,1.0,0.0,0.0,1.0,1.0,0.0,1.0,1.0,0.0,0.0,1.0,0.0,0.0,1.0,0.0,0.0,1.0,1.0,0.0,0.0,0.060240963855421686,2.2,5.0
15,0.6767676767676768,0.7575757575757576,0.5757575757575758,1.0,0.6195286195286195,0.5656565656565656,0.6801346801346801,0.9865319865319865,0.9225589225589226,0.6734006734006734,1.0,0.0,0.0,0.0,1.0,1.0,0.0,1.0,1.0,0.0,0.0,1.0,0.0,1.0,1.0,0.0,1.0,1.0,0.0,0.0,1.0,0.0,0.0,1.0,0.0,0.0,1.0,1.0,0.0,0.0,0.07228915662650602,1.8333333333333333,5.0
16,0.6767676767676768,0.7575757575757576,0.5757575757575758,1.0,0.6195286195286195,0.9730639730639731,0.6801346801346801,0.9865319865319865,0.9225589225589226,0.6734006734006734,1.0,0.0,0.0,0.0,1.0,1.0,0.0,1.0,1.0,0.0,0.0,1.0,0.0,1.0,1.0,1.0,0.0,0.0,0.0,0.0,1.0,0.0,0.0,1.0,0.0,0.0,1.0,1.0,0.0,0.0,0.08433734939759036,1.5714285714285714,5.0
17,0.6767676767676768,0.7575757575757576,0.9831649831649831,1.0,0.6195286195286195,0.9730639730639731,0.6801346801346801,0.9865319865319865,0.9225589225589226,0.6734006734006734,1.0,0.0,0.0,0.0,1.0,1.0,1.0,0.0,0.0,0.0,0.0,1.0,0.0,1.0,1.0,1.0,0.0,0.0,0.0,0.0,1.0,0.0,0.0,1.0,0.0,0.0,1.0,1.0,0.0,0.0,0.0963855421686747,1.5,5.0
18,0.6421725239616614,0.7188498402555911,0.9329073482428115,0.9488817891373802,1.0,0.9233226837060703,0.645367412140575,0.9361022364217252,0.8753993610223643,0.6389776357827476,1.0,0.0,0.0,0.0,1.0,1.0,1.0,0.0,0.0,0.0,0.0,1.0,1.0,0.0,1.0,1.0,0.0,0.0,0.0,0.0,1.0,0.0,0.0,1.0,0.0,0.0,1.0,1.0,0.0,0.0,0.10843373493975904,1.6666666666666667,5.0
19,0.6261682242990654,0.7009345794392523,0.9096573208722741,0.9252336448598131,0.9750778816199377,0.9003115264797508,0.6292834890965732,0.9127725856697819,0.8535825545171339,1.0,1.0,0.0,0.0,0.0,1.0,1.0,1.0,0.0,0.0,0.0,0.0,1.0,1.0,0.0,1.0,1.0,0.0,0.0,0.0,0.0,1.0,0.0,0.0,1.0,0.0,0.0,1.0,0.0,1.0,0.0,0.12048192771084337,1.5,5.0
20,1.0,0.6987577639751553,0.906832298136646,0.922360248447205,0.9720496894409938,0.8975155279503105,0.6273291925465838,0.9099378881987578,0.8509316770186336,0.9968944099378882,0.0,1.0,0.0,0.0,1.0,1.0,1.0,0.0,0.0,0.0,0.0,1.0,1.0,0.0,1.0,1.0,0.0,0.0,0.0,0.0,1.0,0.0,0.0,1.0,0.0,0.0,1.0,0.0,1.0,0.0,0.13253012048192772,1.3636363636363635,5.0
21,1.0,0.6987577639751553,0.906832298136646,0.922360248447205,0.9720496894409938,0.8975155279503105,0.984472049689441,0.9099378881987578,0.8509316770186336,0.9968944099378882,0.0,1.0,0.0,0.0,1.0,1.0,1.0,0.0,0.0,0.0,0.0,1.0,1.0,0.0,1.0,1.0,0.0,0.0,0.0,1.0,1.0,0.0,0.0,1.0,0.0,0.0,1.0,0.0,1.0,0.0,0.14457831325301204,1.5833333333333333,5.0
22,0.930635838150289,1.0,0.8439306358381503,0.8583815028901735,0.9046242774566474,0.8352601156069365,0.9161849710982659,0.846820809248555,0.791907514450867,0.9277456647398844,0.0,1.0,0.0,1.0,0.0,0.0,1.0,0.0,0.0,0.0,0.0,1.0,1.0,0.0,1.0,1.0,0.0,0.0,0.0,1.0,1.0,0.0,0.0,1.0,0.0,0.0,1.0,0.0,1.0,0.0,0.1566265060240964,1.5384615384615385,5.0
23,0.8341968911917098,0.8963730569948186,0.7564766839378239,0.7694300518134715,0.810880829015544,0.7487046632124352,0.8212435233160622,0.7590673575129534,1.0,0.8316062176165803,0.0,1.0,0.0,1.0,0.0,0.0,1.0,0.0,0.0,0.0,0.0,1.0,1.0,0.0,1.0,1.0,0.0,0.0,0.0,1.0,1.0,0.0,0.0,1.0,1.0,0.0,0.0,0.0,1.0,0.0,0.1686746987951807,1.5,5.0
24,0.7815533980582524,0.8398058252427184,0.7087378640776699,0.720873786407767,0.7597087378640777,1.0,0.7694174757281553,0.7111650485436893,0.9368932038834952,0.779126213592233,0.0,1.0,0.0,1.0,0.0,0.0,1.0,0.0,0.0,0.0,0.0,1.0,1.0,0.0,1.0,0.0,0.0,1.0,0.0,1.0,1.0,0.0,0.0,1.0,1.0,0.0,0.0,0.0,1.0,0.0,0.18072289156626506,1.4,5.0
25,0.7759036144578313,0.8337349397590361,1.0,0.7156626506024096,0.7542168674698795,0.9927710843373494,0.763855421686747,0.7060240963855422,0.9301204819277108,0.7734939759036145,0.0,1.0,0.0,1.0,0.0,0.0,0.0,0.0,1.0,0.0,0.0,1.0,1.0,0.0,1.0,0.0,0.0,1.0,0.0,1.0,1.0,0.0,0.0,1.0,1.0,0.0,0.0,0.0,1.0,0.0,0.1927710843373494,1.3125,5.0
26,0.7759036144578313,0.8337349397590361,1.0,0.7156626506024096,0.7542168674698795,0.9927710843373494,0.763855421686747,0.9759036144578314,0.9301204819277108,0.7734939759036145,0.0,1.0,0.0,1.0,0.0,0.0,0.0,0.0,1.0,0.0,0.0,1.0,1.0,0.0,1.0,0.0,0.0,1.0,0.0,1.0,1.0,1.0,0.0,0.0,1.0,0.0,0.0,0.0,1.0,0.0,0.20481927710843373,1.2352941176470589,5.0
27,0.7759036144578313,0.8337349397590361,1.0,0.9927710843373494,0.7542168674698795,0.9927710843373494,0.763855421686747,0.9759036144578314,0.9301204819277108,0.7734939759036145,0.0,1.0,0.0,1.0,0.0,0.0,0.0,0.0,1.0,0.0,1.0,1.0,1.0,0.0,1.0,0.0,0.0,1.0,0.0,1.0,1.0,1.0,0.0,0.0,1.0,0.0,0.0,0.0,1.0,0.0,0.21686746987951808,1.3333333333333333,5.0
28,0.7523364485981309,0.8084112149532711,0.969626168224299,0.9626168224299065,1.0,0.9626168224299065,0.7406542056074766,0.9462616822429907,0.9018691588785047,0.75,0.0,1.0,0.0,1.0,0.0,0.0,0.0,0.0,1.0,0.0,1.0,1.0,0.0,1.0,1.0,0.0,0.0,1.0,0.0,1.0,1.0,1.0,0.0,0.0,1.0,0.0,0.0,0.0,1.0,0.0,0.2289156626506024,1.3157894736842106,5.0
29,0.7219730941704036,0.7757847533632287,0.9304932735426009,0.9237668161434978,0.9596412556053812,0.9237668161434978,1.0,0.9080717488789237,0.8654708520179372,0.7197309417040358,0.0,1.0,0.0,1.0,0.0,0.0,0.0,0.0,1.0,0.0,1.0,1.0,0.0,1.0,1.0,0.0,0.0,1.0,1.0,0.0,1.0,1.0,0.0,0.0,1.0,0.0,0.0,0.0,1.0,0.0,0.24096385542168675,1.25,5.0
30,0.7155555555555555,0.7688888888888888,0.9222222222222223,0.9155555555555556,0.9511111111111111,0.9155555555555556,0.9911111111111112,0.9,0.8577777777777778,1.0,0.0,1.0,0.0,1.0,0.0,0.0,0.0,0.0,1.0,0.0,1.0,1.0,0.0,1.0,1.0,0.0,0.0,1.0,1.0,0.0,1.0,1.0,0.0,0.0,1.0,0.0,0.0,0.0,0.0,1.0,0.25301204819277107,1.1904761904761905,5.0
31,1.0,0.7671840354767184,0.9201773835920177,0.9135254988913526,0.9490022172949002,0.9135254988913526,0.9889135254988913,0.8980044345898004,0.8558758314855875,0.9977827050997783,0.0,0.0,1.0,1.0,0.0,0.0,0.0,0.0,1.0,0.0,1.0,1.0,0.0,1.0,1.0,0.0,0.0,1.0,1.0,0.0,1.0,1.0,0.0,0.0,1.0,0.0,0.0,0.0,0.0,1.0,0.26506024096385544,1.3181818181818181,5.0
32,0.9657387580299786,1.0,0.8886509635974305,0.8822269807280514,0.9164882226980728,0.8822269807280514,0.9550321199143469,0.867237687366167,0.8265524625267666,0.9635974304068522,0.0,0.0,1.0,0.0,1.0,0.0,0.0,0.0,1.0,0.0,1.0,1.0,0.0,1.0,1.0,0.0,0.0,1.0,1.0,0.0,1.0,1.0,0.0,0.0,1.0,0.0,0.0,0.0,0.0,1.0,0.27710843373493976,1.3043478260869565,5.0
33,0.9001996007984032,0.9321357285429142,0.8283433133732535,0.8223552894211577,0.8542914171656687,0.8223552894211577,0.8902195608782435,0.8083832335329342,1.0,0.8982035928143712,0.0,0.0,1.0,0.0,1.0,0.0,0.0,0.0,1.0,0.0,1.0,1.0,0.0,1.0,1.0,0.0,0.0,1.0,1.0,0.0,1.0,1.0,0.0,0.0,0.0,1.0,1.0,0.0,0.0,1.0,0.2891566265060241,1.25,5.0
34,0.8493408662900188,0.879472693032015,0.7815442561205274,0.775894538606403,0.8060263653483992,0.775894538606403,0.839924670433145,1.0,0.943502824858757,0.847457627118644,0.0,0.0,1.0,0.0,1.0,0.0,0.0,0.0,1.0,0.0,1.0,1.0,0.0,1.0,1.0,0.0,0.0,1.0,1.0,0.0,1.0,1.0,0.0,1.0,0.0,1.0,1.0,0.0,0.0,1.0,0.30120481927710846,1.24,5.0
35,0.8493408662900188,0.879472693032015,0.7815442561205274,0.775894538606403,0.8060263653483992,0.9868173258003766,0.839924670433145,1.0,0.943502824858757,0.847457627118644,0.0,0.0,1.0,0.0,1.0,0.0,0.0,0.0,1.0,0.0,1.0,1.0,0.0,1.0,1.0,1.0,0.0,0.0,1.0,0.0,1.0,1.0,0.0,1.0,0.0,1.0,1.0,0.0,0.0,1.0,0.3132530120481928,1.1923076923076923,5.0
36,0.8461538461538461,0.8761726078799249,0.7786116322701688,1.0,0.8030018761726079,0.9831144465290806,0.8367729831144465,0.9962476547842402,0.9399624765478424,0.8442776735459663,0.0,0.0,1.0,0.0,1.0,0.0,0.0,0.0,1.0,1.0,0.0,0.0,0.0,1.0,1.0,1.0,0.0,0.0,1.0,0.0,1.0,1.0,0.0,1.0,0.0,1.0,1.0,0.0,0.0,1.0,0.3253012048192771,1.1481481481481481,5.0
37,0.8461538461538461,0.8761726078799249,0.9887429643527205,1.0,0.8030018761726079,0.9831144465290806,0.8367729831144465,0.9962476547842402,0.9399624765478424,0.8442776735459663,0.0,0.0,1.0,0.0,1.0,0.0,1.0,0.0,0.0,1.0,0.0,0.0,0.0,1.0,1.0,1.0,0.0,0.0,1.0,0.0,1.0,1.0,0.0,1.0,0.0,1.0,1.0,0.0,0.0,1.0,0.3373493975903614,1.2142857142857142,5.0
38,0.8185117967332124,0.8475499092558983,0.956442831215971,0.9673321234119783,1.0,0.9509981851179673,0.809437386569873,0.9637023593466425,0.9092558983666061,0.8166969147005445,0.0,0.0,1.0,0.0,1.0,0.0,1.0,0.0,0.0,1.0,0.0,0.0,0.0,0.0,1.0,1.0,0.0,0.0,1.0,0.0,1.0,1.0,0.0,1.0,0.0,1.0,1.0,0.0,0.0,1.0,0.3493975903614458,1.2413793103448276,5.0
39,0.803921568627451,0.8324420677361853,0.9393939393939394,0.9500891265597148,0.982174688057041,0.9340463458110517,1.0,0.946524064171123,0.893048128342246,0.8021390374331551,0.0,0.0,1.0,0.0,1.0,0.0,1.0,0.0,0.0,1.0,0.0,0.0,0.0,0.0,1.0,1.0,0.0,0.0,0.0,1.0,1.0,1.0,0.0,1.0,0.0,1.0,1.0,0.0,0.0,1.0,0.3614457831325301,1.2,5.0
40,0.7982300884955752,0.8265486725663717,0.9327433628318584,0.9433628318584071,0.9752212389380531,0.9274336283185841,0.9929203539823008,0.9398230088495575,0.8867256637168142,1.0,0.0,0.0,1.0,0.0,1.0,0.0,1.0,0.0,0.0,1.0,0.0,0.0,0.0,0.0,1.0,1.0,0.0,0.0,0.0,1.0,1.0,1.0,0.0,1.0,0.0,1.0,1.0,0.0,1.0,1.0,0.37349397590361444,1.1612903225806452,1.0
41,1.0,0.8250883392226148,0.931095406360424,0.941696113074205,0.9734982332155477,0.9257950530035336,0.991166077738516,0.9381625441696113,0.8851590106007067,0.9982332155477032,0.0,1.0,1.0,0.0,1.0,0.0,1.0,0.0,0.0,1.0,0.0,0.0,0.0,0.0,1.0,1.0,0.0,0.0,0.0,1.0,1.0,1.0,0.0,1.0,0.0,1.0,1.0,0.0,1.0,1.0,0.3855421686746988,1.15625,5.0
42,0.987783595113438,1.0,0.9197207678883071,0.9301919720767888,0.9616055846422339,0.9144851657940664,0.9790575916230366,0.9267015706806283,0.8743455497382199,0.9860383944153578,0.0,1.0,1.0,0.0,1.0,1.0,1.0,0.0,0.0,1.0,0.0,0.0,0.0,0.0,1.0,1.0,0.0,0.0,0.0,1.0,1.0,1.0,0.0,1.0,0.0,1.0,1.0,0.0,1.0,1.0,0.39759036144578314,1.2121212121212122,5.0
43,0.909967845659164,0.9212218649517685,0.8472668810289389,0.8569131832797428,0.8858520900321544,0.842443729903537,0.9019292604501608,0.8536977491961415,1.0,0.9083601286173634,0.0,1.0,1.0,0.0,1.0,1.0,1.0,0.0,0.0,1.0,0.0,0.0,0.0,0.0,1.0,1.0,0.0,0.0,0.0,1.0,1.0,1.0,0.0,1.0,1.0,0.0,0.0,0.0,1.0,1.0,0.40963855421686746,1.2058823529411764,5.0
44,0.8775193798449612,0.8883720930232558,0.8170542635658915,0.8263565891472868,0.8542635658914729,1.0,0.8697674418604651,0.8232558139534883,0.9643410852713178,0.875968992248062,0.0,1.0,1.0,0.0,1.0,1.0,1.0,0.0,0.0,1.0,0.0,0.0,0.0,0.0,1.0,0.0,1.0,0.0,0.0,1.0,1.0,1.0,0.0,1.0,1.0,0.0,0.0,0.0,1.0,1.0,0.42168674698795183,1.1714285714285715,5.0
45,0.8775193798449612,0.8883720930232558,0.9953488372093023,0.8263565891472868,0.8542635658914729,1.0,0.8697674418604651,0.8232558139534883,0.9643410852713178,0.875968992248062,0.0,1.0,1.0,0.0,1.0,1.0,0.0,1.0,1.0,1.0,0.0,0.0,0.0,0.0,1.0,0.0,1.0,0.0,0.0,1.0,1.0,1.0,0.0,1.0,1.0,0.0,0.0,0.0,1.0,1.0,0.43373493975903615,1.1388888888888888,5.0
46,0.8761609907120743,0.8869969040247678,0.9938080495356038,0.8250773993808049,0.8529411764705882,0.9984520123839009,0.868421052631579,1.0,0.9628482972136223,0.8746130030959752,0.0,1.0,1.0,0.0,1.0,1.0,0.0,1.0,1.0,1.0,0.0,0.0,0.0,0.0,1.0,0.0,1.0,0.0,0.0,1.0,1.0,0.0,1.0,1.0,1.0,0.0,0.0,0.0,1.0,1.0,0.4457831325301205,1.1081081081081081,5.0
47,0.8734567901234568,0.8842592592592593,0.9907407407407407,1.0,0.8503086419753086,0.9953703703703703,0.8657407407407407,0.9969135802469136,0.9598765432098766,0.8719135802469136,0.0,1.0,1.0,0.0,1.0,1.0,0.0,1.0,1.0,0.0,1.0,1.0,0.0,0.0,1.0,0.0,1.0,0.0,0.0,1.0,1.0,0.0,1.0,1.0,1.0,0.0,0.0,0.0,1.0,1.0,0.4578313253012048,1.1578947368421053,5.0
48,0.8536953242835595,0.8642533936651584,0.9683257918552036,0.9773755656108597,1.0,0.9728506787330317,0.8461538461538461,0.9743589743589743,0.9381598793363499,0.8521870286576169,0.0,1.0,1.0,0.0,1.0,1.0,0.0,1.0,1.0,0.0,1.0,1.0,1.0,0.0,0.0,0.0,1.0,0.0,0.0,1.0,1.0,0.0,1.0,1.0,1.0,0.0,0.0,0.0,1.0,1.0,0.46987951807228917,1.1538461538461537,5.0
49,0.827485380116959,0.8377192982456141,0.9385964912280702,0.9473684210526315,0.9692982456140351,0.9429824561403509,1.0,0.9444444444444444,0.9093567251461988,0.8260233918128655,0.0,1.0,1.0,0.0,1.0,1.0,0.0,1.0,1.0,0.0,1.0,1.0,1.0,0.0,0.0,0.0,1.0,0.0,0.0,0.0,1.0,0.0,1.0,1.0,1.0,0.0,0.0,0.0,1.0,1.0,0.4819277108433735,1.15,5.0
50,0.8250728862973761,0.8352769679300291,0.9358600583090378,0.9446064139941691,0.9664723032069971,0.9402332361516035,0.9970845481049563,0.9416909620991254,0.9067055393586005,1.0,0.0,1.0,1.0,0.0,1.0,1.0,0.0,1.0,1.0,0.0,1.0,1.0,1.0,0.0,0.0,0.0,1.0,0.0,0.0,0.0,1.0,0.0,1.0,1.0,1.0,0.0,0.0,1.0,0.0,0.0,0.4939759036144578,1.1219512195121952,3.0
51,1.0,0.834061135371179,0.9344978165938864,0.9432314410480349,0.9650655021834061,0.9388646288209607,0.9956331877729258,0.9403202328966521,0.9053857350800583,0.9985443959243085,1.0,0.0,0.0,0.0,1.0,1.0,0.0,1.0,1.0,0.0,1.0,1.0,1.0,0.0,0.0,0.0,1.0,0.0,0.0,0.0,1.0,0.0,1.0,1.0,1.0,0.0,0.0,1.0,0.0,0.0,0.5060240963855421,1.0952380952380953,5.0
52,0.9870689655172413,1.0,0.9224137931034483,0.9310344827586207,0.9525862068965517,0.9267241379310345,0.9827586206896551,0.9281609195402298,0.8936781609195402,0.985632183908046,1.0,0.0,0.0,0.0,0.0,1.0,0.0,1.0,1.0,0.0,1.0,1.0,1.0,0.0,0.0,0.0,1.0,0.0,0.0,0.0,1.0,0.0,1.0,1.0,1.0,0.0,0.0,1.0,0.0,0.0,0.5180722891566265,1.1627906976744187,5.0
53,0.9184491978609626,0.93048128342246,0.8582887700534759,0.8663101604278075,0.8863636363636364,0.8622994652406417,0.9144385026737968,0.8636363636363636,1.0,0.9171122994652406,1.0,0.0,0.0,0.0,0.0,1.0,0.0,1.0,1.0,0.0,1.0,1.0,1.0,0.0,0.0,0.0,1.0,0.0,0.0,0.0,1.0,0.0,1.0,1.0,1.0,0.0,1.0,1.0,0.0,0.0,0.5301204819277109,1.1590909090909092,5.0
54,0.8980392156862745,0.9098039215686274,1.0,0.8470588235294118,0.8666666666666667,0.8431372549019608,0.8941176470588236,0.8444444444444444,0.9777777777777777,0.8967320261437909,1.0,0.0,0.0,0.0,0.0,1.0,0.0,0.0,1.0,0.0,1.0,1.0,1.0,0.0,0.0,0.0,1.0,0.0,0.0,0.0,1.0,0.0,1.0,1.0,1.0,0.0,1.0,1.0,0.0,0.0,0.5421686746987951,1.1333333333333333,5.0
55,0.8968668407310705,0.9086161879895561,0.9986945169712794,0.8459530026109661,0.8655352480417755,1.0,0.8929503916449086,0.8433420365535248,0.9765013054830287,0.8955613577023499,1.0,0.0,0.0,0.0,0.0,1.0,0.0,0.0,1.0,0.0,1.0,1.0,1.0,0.0,0.0,1.0,0.0,0.0,0.0,0.0,1.0,0.0,1.0,1.0,1.0,0.0,1.0,1.0,0.0,0.0,0.5542168674698795,1.108695652173913,5.0
56,0.8864516129032258,0.8980645161290323,0.9870967741935484,0.8361290322580646,0.8554838709677419,0.9883870967741936,0.8825806451612903,1.0,0.9651612903225807,0.8851612903225806,1.0,0.0,0.0,0.0,0.0,1.0,0.0,0.0,1.0,0.0,1.0,1.0,1.0,0.0,0.0,1.0,0.0,0.0,0.0,0.0,1.0,1.0,0.0,1.0,1.0,0.0,1.0,1.0,0.0,0.0,0.5662650602409639,1.0851063829787233,5.0
57,0.8864516129032258,0.8980645161290323,0.9870967741935484,0.9922580645161291,0.8554838709677419,0.9883870967741936,0.8825806451612903,1.0,0.9651612903225807,0.8851612903225806,1.0,0.0,0.0,0.0,0.0,1.0,0.0,0.0,1.0,1.0,0.0,0.0,1.0,0.0,0.0,1.0,0.0,0.0,0.0,0.0,1.0,1.0,0.0,1.0,1.0,0.0,1.0,1.0,0.0,0.0,0.5783132530120482,1.0833333333333333,5.0
58,0.8830334190231363,0.8946015424164524,0.9832904884318766,0.9884318766066839,1.0,0.9845758354755784,0.8791773778920309,0.9961439588688946,0.961439588688946,0.8817480719794345,1.0,0.0,0.0,0.0,0.0,1.0,0.0,0.0,1.0,1.0,0.0,0.0,0.0,1.0,1.0,1.0,0.0,0.0,0.0,0.0,1.0,1.0,0.0,1.0,1.0,0.0,1.0,1.0,0.0,0.0,0.5903614457831325,1.1428571428571428,5.0
59,0.853416149068323,0.8645962732919255,0.9503105590062112,0.9552795031055901,0.9664596273291925,0.9515527950310559,1.0,0.9627329192546584,0.929192546583851,0.8521739130434782,1.0,0.0,0.0,0.0,0.0,1.0,0.0,0.0,1.0,1.0,0.0,0.0,0.0,1.0,1.0,1.0,0.0,0.0,0.0,1.0,0.0,1.0,0.0,1.0,1.0,0.0,1.0,1.0,0.0,0.0,0.6024096385542169,1.12,5.0
60,0.8513011152416357,0.862453531598513,0.9479553903345725,0.952912019826518,0.9640644361833953,0.9491945477075588,0.9975216852540273,0.9603469640644362,0.9268897149938042,1.0,1.0,0.0,0.0,0.0,0.0,1.0,0.0,0.0,1.0,1.0,0.0,0.0,0.0,1.0,1.0,1.0,0.0,0.0,0.0,1.0,0.0,1.0,0.0,1.0,1.0,0.0,1.0,0.0,1.0,0.0,0.6144578313253012,1.0980392156862746,5.0
61,1.0,0.8560885608856088,0.940959409594096,0.9458794587945879,0.956949569495695,0.942189421894219,0.990159901599016,0.9532595325953259,0.9200492004920049,0.992619926199262,1.0,0.0,1.0,0.0,0.0,1.0,0.0,0.0,1.0,1.0,0.0,0.0,0.0,1.0,1.0,1.0,0.0,0.0,0.0,1.0,0.0,1.0,0.0,1.0,1.0,0.0,1.0,0.0,1.0,0.0,0.6265060240963856,1.0769230769230769,5.0
62,0.9951040391676866,1.0,0.9363525091799265,0.9412484700122399,0.9522643818849449,0.9375764993880049,0.98531211750306,0.9485924112607099,0.9155446756425949,0.9877600979192166,1.0,0.0,1.0,0.0,1.0,0.0,0.0,0.0,1.0,1.0,0.0,0.0,0.0,1.0,1.0,1.0,0.0,0.0,0.0,1.0,0.0,1.0,0.0,1.0,1.0,0.0,1.0,0.0,1.0,0.0,0.6385542168674698,1.1320754716981132,5.0
63,0.9355581127733027,0.9401611047180668,0.8803222094361335,0.8849252013808976,0.8952819332566168,0.8814729574223246,0.9263521288837745,0.8918296892980437,1.0,0.9286536248561565,1.0,0.0,1.0,0.0,1.0,0.0,0.0,0.0,1.0,1.0,0.0,0.0,0.0,1.0,1.0,1.0,0.0,0.0,0.0,1.0,0.0,1.0,0.0,1.0,0.0,1.0,0.0,0.0,1.0,0.0,0.6506024096385542,1.1111111111111112,5.0
64,0.917607223476298,0.9221218961625283,1.0,0.8679458239277652,0.8781038374717833,0.8645598194130926,0.9085778781038375,0.8747178329571106,0.9808126410835214,0.9108352144469526,1.0,0.0,1.0,0.0,1.0,0.0,0.0,1.0,0.0,1.0,0.0,0.0,0.0,1.0,1.0,1.0,0.0,0.0,0.0,1.0,0.0,1.0,0.0,1.0,0.0,1.0,0.0,0.0,1.0,0.0,0.6626506024096386,1.0909090909090908,5.0
65,0.917607223476298,0.9221218961625283,1.0,0.8679458239277652,0.8781038374717833,0.9943566591422122,0.9085778781038375,0.8747178329571106,0.9808126410835214,0.9108352144469526,1.0,0.0,1.0,0.0,1.0,0.0,0.0,1.0,0.0,1.0,0.0,0.0,0.0,1.0,1.0,0.0,1.0,1.0,0.0,1.0,0.0,1.0,0.0,1.0,0.0,1.0,0.0,0.0,1.0,0.0,0.6746987951807228,1.0892857142857142,5.0
66,0.917607223476298,0.9221218961625283,1.0,0.9977426636568849,0.8781038374717833,0.9943566591422122,0.9085778781038375,0.8747178329571106,0.9808126410835214,0.9108352144469526,1.0,0.0,1.0,0.0,1.0,0.0,0.0,1.0,0.0,0.0,1.0,1.0,0.0,1.0,1.0,0.0,1.0,1.0,0.0,1.0,0.0,1.0,0.0,1.0,0.0,1.0,0.0,0.0,1.0,0.0,0.6867469879518072,1.0701754385964912,5.0
67,0.9134831460674158,0.9179775280898876,0.9955056179775281,0.9932584269662922,0.8741573033707866,0.9898876404494382,0.9044943820224719,1.0,0.9764044943820225,0.9067415730337078,1.0,0.0,1.0,0.0,1.0,0.0,0.0,1.0,0.0,0.0,1.0,1.0,0.0,1.0,1.0,0.0,1.0,1.0,0.0,1.0,0.0,0.0,1.0,1.0,0.0,1.0,0.0,0.0,1.0,0.0,0.6987951807228916,1.0517241379310345,3.0
68,0.896361631753032,0.9007717750826902,0.9768467475192943,0.9746416758544653,1.0,0.9713340683572216,0.8875413450937155,0.9812568908489526,0.958103638368247,0.8897464167585446,1.0,0.0,1.0,0.0,1.0,0.0,0.0,1.0,0.0,0.0,1.0,1.0,1.0,0.0,1.0,0.0,1.0,1.0,0.0,1.0,0.0,0.0,1.0,1.0,0.0,1.0,0.0,0.0,1.0,0.0,0.7108433734939759,1.11864406779661,3.0
69,0.8704496788008566,0.8747323340471093,0.9486081370449678,0.9464668094218416,0.9710920770877944,0.943254817987152,1.0,0.9528907922912205,0.930406852248394,0.8640256959314775,1.0,0.0,1.0,0.0,1.0,0.0,0.0,1.0,0.0,0.0,1.0,1.0,1.0,0.0,1.0,0.0,1.0,1.0,0.0,0.0,1.0,0.0,1.0,1.0,0.0,1.0,0.0,0.0,1.0,0.0,0.7228915662650602,1.1,3.0
70,0.8685897435897436,0.8728632478632479,0.9465811965811965,0.9444444444444444,0.969017094017094,0.9412393162393162,0.9978632478632479,0.9508547008547008,0.9284188034188035,1.0,1.0,0.0,1.0,0.0,1.0,0.0,0.0,1.0,0.0,0.0,1.0,1.0,1.0,0.0,1.0,0.0,1.0,1.0,0.0,0.0,1.0,0.0,1.0,1.0,0.0,1.0,0.0,0.0,0.0,1.0,0.7349397590361446,1.0819672131147542,3.0
71,0.9861111111111112,0.8728632478632479,0.9465811965811965,0.9444444444444444,0.969017094017094,0.9412393162393162,0.9978632478632479,0.9508547008547008,0.9284188034188035,1.0,1.0,0.0,1.0,0.0,1.0,0.0,0.0,1.0,0.0,0.0,1.0,1.0,1.0,0.0,1.0,0.0,1.0,1.0,0.0,0.0,1.0,0.0,1.0,1.0,0.0,1.0,0.0,0.0,0.0,1.0,0.7469879518072289,1.064516129032258,3.0
